{"cameraMode":{"drawMode":0,"name":"Shaded","section":"Shading Mode"},"sceneLighting":true,"audioPlay":false,"sceneViewState":{"showFog":true,"showMaterialUpdate":false,"showSkybox":true,"showFlares":true,"showImageEffects":true,"showParticleSystems":true},"in2DMode":false,"pivot":{"x":-1.2468008995056153,"y":3.650524616241455,"z":-1.4772379398345948},"rotation":{"x":-0.07045035064220429,"y":-0.008383502252399922,"z":0.0006041274755261838,"w":-0.9975054860115051},"size":7.614124298095703,"orthographic":false}