{"cameraMode":{"drawMode":0,"name":"Shaded","section":"Shading Mode"},"sceneLighting":true,"audioPlay":false,"sceneViewState":{"showFog":true,"showMaterialUpdate":false,"showSkybox":true,"showFlares":true,"showImageEffects":true,"showParticleSystems":true},"in2DMode":false,"pivot":{"x":-1.3463058471679688,"y":5.87033748626709,"z":4.250831604003906},"rotation":{"x":-0.026067648082971574,"y":0.8271421194076538,"z":-0.03849770501255989,"w":-0.5600683093070984},"size":10.0,"orthographic":false}